-- phpMyAdmin SQL Dump
-- version 5.2.1
-- https://www.phpmyadmin.net/
--
-- Host: 127.0.0.1
-- Generation Time: 02 أغسطس 2025 الساعة 09:23
-- إصدار الخادم: 10.4.32-MariaDB
-- PHP Version: 8.2.12

SET SQL_MODE = "NO_AUTO_VALUE_ON_ZERO";
START TRANSACTION;
SET time_zone = "+00:00";


/*!40101 SET @OLD_CHARACTER_SET_CLIENT=@@CHARACTER_SET_CLIENT */;
/*!40101 SET @OLD_CHARACTER_SET_RESULTS=@@CHARACTER_SET_RESULTS */;
/*!40101 SET @OLD_COLLATION_CONNECTION=@@COLLATION_CONNECTION */;
/*!40101 SET NAMES utf8mb4 */;

--
-- Database: `smart_finance`
--
CREATE DATABASE IF NOT EXISTS `smart_finance` DEFAULT CHARACTER SET utf8mb4 COLLATE utf8mb4_general_ci;
USE `smart_finance`;

-- --------------------------------------------------------

--
-- بنية الجدول `goals`
--

CREATE TABLE `goals` (
  `id` int(11) NOT NULL,
  `user_id` int(11) DEFAULT NULL,
  `title` varchar(100) DEFAULT NULL,
  `target_amount` decimal(10,2) DEFAULT NULL,
  `current_saved` decimal(10,2) DEFAULT NULL,
  `deadline` date DEFAULT NULL
) ENGINE=InnoDB DEFAULT CHARSET=utf8mb4 COLLATE=utf8mb4_general_ci;

--
-- إرجاع أو استيراد بيانات الجدول `goals`
--

INSERT INTO `goals` (`id`, `user_id`, `title`, `target_amount`, `current_saved`, `deadline`) VALUES
(1, 1, 'شراء جوال', 4000.00, 917.00, '2025-11-30'),
(2, 2, 'شراء سيارة', 45000.00, 12000.00, '2025-12-31'),
(3, 2, 'رحلة سياحية', 15000.00, 3000.00, '2024-06-30'),
(4, 3, 'زواج', 60000.00, 25000.00, '2025-09-01'),
(5, 3, 'شراء لابتوب', 7000.00, 500.00, '2023-12-01'),
(6, 4, 'تجديد غرفة', 10000.00, 2500.00, '2024-03-01'),
(7, 4, 'دراسة', 20000.00, 6000.00, '2025-10-01'),
(8, 5, 'شراء جوال', 4000.00, 1000.00, '2023-08-01'),
(9, 5, 'تأثيث منزل', 30000.00, 10000.00, '2025-06-01'),
(10, 6, 'فتح مشروع', 80000.00, 20000.00, '2025-11-15'),
(11, 6, 'رحلة للحج', 20000.00, 5000.00, '2024-12-01'),
(12, 7, 'دورة برمجة', 8000.00, 2000.00, '2023-09-01'),
(13, 7, 'شراء سيارة', 50000.00, 15000.00, '2025-01-01'),
(14, 8, 'علاج', 25000.00, 10000.00, '2024-07-01'),
(15, 8, 'شراء دراجة', 5000.00, 1000.00, '2023-10-01'),
(16, 9, 'هدايا عيد', 3000.00, 1500.00, '2023-12-20'),
(17, 9, 'مشروع صغير', 15000.00, 4000.00, '2024-11-01'),
(18, 10, 'حج', 20000.00, 8000.00, '2025-08-01'),
(19, 10, 'تصليح سيارة', 10000.00, 5000.00, '2023-06-15'),
(20, 11, 'سفر للخارج', 30000.00, 15000.00, '2025-05-01'),
(21, 11, 'شراء أثاث', 25000.00, 12000.00, '2024-02-01');

-- --------------------------------------------------------

--
-- بنية الجدول `recommendations`
--

CREATE TABLE `recommendations` (
  `id` int(11) NOT NULL,
  `user_id` int(11) NOT NULL,
  `section1` text DEFAULT NULL,
  `section2` text DEFAULT NULL,
  `section3` text DEFAULT NULL,
  `created_at` timestamp NOT NULL DEFAULT current_timestamp()
) ENGINE=InnoDB DEFAULT CHARSET=utf8mb4 COLLATE=utf8mb4_general_ci;

--
-- إرجاع أو استيراد بيانات الجدول `recommendations`
--

INSERT INTO `recommendations` (`id`, `user_id`, `section1`, `section2`, `section3`, `created_at`) VALUES
(1, 1, '1. التوازن بين الدخل والمصاريف ليس مطمئنًا. المصروفات مرتفعة مقارنة بالدخل.', 'المصاريف تؤثر على وصولك لأهدافك كشراء الجوال. الادخار غير كافٍ ويحتاج لتعزيز.', 'خطة التحسين:\r\n- قلل من مصروفات التسوق والترفيه بشكل معقول.\r\n- زيادة المدخرات للوصول لهدف شراء الجوال.\r\n- حدد أولوياتك وعليك بوضع ميزانية شهرية دقيقة.\r\n\r\nتوقعاتي للشهر القادم: اتباع خطة التحسين سيساعدك على التحكم بالمصروفات والتقدم نحو أهدافك المالية.', '2025-07-31 13:57:22');

-- --------------------------------------------------------

--
-- بنية الجدول `transactions`
--

CREATE TABLE `transactions` (
  `id` int(11) NOT NULL,
  `user_id` int(11) DEFAULT NULL,
  `category` varchar(50) DEFAULT NULL,
  `amount` decimal(10,2) DEFAULT NULL,
  `date` date DEFAULT NULL
) ENGINE=InnoDB DEFAULT CHARSET=utf8mb4 COLLATE=utf8mb4_general_ci;

--
-- إرجاع أو استيراد بيانات الجدول `transactions`
--

INSERT INTO `transactions` (`id`, `user_id`, `category`, `amount`, `date`) VALUES
(1, 1, 'طعام', 20.00, '2025-07-23'),
(2, 1, 'تسوق', 200.00, '2025-07-17'),
(3, 1, 'ترفيه', 150.00, '2025-07-10'),
(4, 1, 'نقل', 50.00, '2025-07-17'),
(5, 1, 'طعام', 10.00, '2025-07-17'),
(6, 2, 'طعام', 120.00, '2023-03-15'),
(7, 2, 'نقل', 80.00, '2023-06-10'),
(8, 2, 'تسوق', 250.00, '2023-11-22'),
(9, 3, 'ترفيه', 150.00, '2023-04-01'),
(10, 3, 'صحة', 90.00, '2023-09-10'),
(11, 3, 'تسوق', 300.00, '2023-12-05'),
(12, 2, 'طعام', 130.00, '2024-02-20'),
(13, 2, 'نقل', 70.00, '2024-06-18'),
(14, 2, 'تسوق', 260.00, '2024-10-12'),
(15, 3, 'ترفيه', 140.00, '2024-03-10'),
(16, 3, 'صحة', 85.00, '2024-08-15'),
(17, 3, 'تسوق', 310.00, '2024-11-28'),
(18, 2, 'طعام', 140.00, '2025-01-10'),
(19, 2, 'نقل', 90.00, '2025-05-25'),
(20, 2, 'تسوق', 270.00, '2025-09-30'),
(21, 3, 'ترفيه', 160.00, '2025-04-08'),
(22, 3, 'صحة', 100.00, '2025-07-15'),
(23, 3, 'تسوق', 320.00, '2025-12-10'),
(24, 1, 'طعام', 45.50, '2023-01-15'),
(25, 2, 'ترفيه', 120.00, '2023-02-12'),
(26, 3, 'نقل', 60.75, '2023-03-08'),
(27, 4, 'تسوق', 230.00, '2023-04-10'),
(28, 5, 'فواتير', 310.00, '2023-05-14'),
(29, 6, 'سفر', 1500.00, '2023-06-20'),
(30, 7, 'صحة', 80.25, '2023-07-25'),
(31, 8, 'تأمين', 190.00, '2023-08-18'),
(32, 9, 'مطاعم', 65.00, '2023-09-10'),
(33, 10, 'مشتريات', 95.00, '2023-10-03'),
(34, 11, 'وقود', 130.00, '2023-11-19'),
(35, 1, 'طعام', 50.00, '2023-12-01'),
(36, 2, 'ترفيه', 145.00, '2023-12-10'),
(37, 3, 'نقل', 75.00, '2024-01-09'),
(38, 4, 'تسوق', 210.00, '2024-01-15'),
(39, 5, 'فواتير', 305.00, '2024-02-11'),
(40, 6, 'سفر', 1400.00, '2024-02-25'),
(41, 7, 'صحة', 100.00, '2024-03-13'),
(42, 8, 'تأمين', 180.00, '2024-04-07'),
(43, 9, 'مطاعم', 70.00, '2024-05-02'),
(44, 10, 'مشتريات', 105.00, '2024-05-18'),
(45, 11, 'وقود', 125.00, '2024-06-01'),
(46, 1, 'طعام', 52.00, '2024-06-20'),
(47, 2, 'ترفيه', 160.00, '2024-07-08'),
(48, 3, 'نقل', 66.00, '2024-08-11'),
(49, 4, 'تسوق', 240.00, '2024-08-22'),
(50, 5, 'فواتير', 295.00, '2024-09-04'),
(51, 6, 'سفر', 1350.00, '2024-09-27'),
(52, 7, 'صحة', 75.00, '2024-10-12'),
(53, 8, 'تأمين', 185.00, '2024-11-03'),
(54, 9, 'مطاعم', 68.00, '2024-11-15'),
(55, 10, 'مشتريات', 110.00, '2024-12-01'),
(56, 11, 'وقود', 128.00, '2024-12-20'),
(57, 1, 'طعام', 47.00, '2025-01-11'),
(58, 2, 'ترفيه', 150.00, '2025-01-27'),
(59, 3, 'نقل', 59.00, '2025-02-14'),
(60, 4, 'تسوق', 225.00, '2025-03-09'),
(61, 5, 'فواتير', 290.00, '2025-03-21'),
(62, 6, 'سفر', 1450.00, '2025-04-02'),
(63, 7, 'صحة', 95.00, '2025-04-19'),
(64, 8, 'تأمين', 175.00, '2025-05-01'),
(65, 9, 'مطاعم', 72.00, '2025-05-30'),
(66, 10, 'مشتريات', 97.00, '2025-06-08'),
(67, 11, 'وقود', 132.00, '2025-06-25'),
(68, 1, 'طعام', 48.50, '2025-07-05'),
(69, 2, 'ترفيه', 135.00, '2025-07-18'),
(70, 3, 'نقل', 62.00, '2025-07-29'),
(71, 4, 'تسوق', 210.00, '2025-08-10'),
(72, 5, 'فواتير', 320.00, '2025-08-25'),
(73, 6, 'سفر', 1550.00, '2025-09-12'),
(74, 7, 'صحة', 90.00, '2025-09-30'),
(75, 8, 'تأمين', 195.00, '2025-10-15'),
(76, 9, 'مطاعم', 75.00, '2025-10-25'),
(77, 10, 'مشتريات', 100.00, '2025-11-06'),
(78, 11, 'وقود', 138.00, '2025-11-20'),
(79, 1, 'طعام', 53.00, '2025-12-01'),
(80, 2, 'ترفيه', 125.00, '2025-12-15'),
(81, 3, 'نقل', 58.00, '2025-12-30'),
(82, 4, 'تسوق', 215.00, '2023-01-11'),
(83, 5, 'فواتير', 310.00, '2023-02-08'),
(84, 6, 'سفر', 1600.00, '2023-03-15'),
(85, 7, 'صحة', 105.00, '2023-04-10'),
(86, 8, 'تأمين', 170.00, '2023-05-07'),
(87, 9, 'مطاعم', 69.00, '2023-06-01'),
(88, 10, 'مشتريات', 108.00, '2023-07-19'),
(89, 11, 'وقود', 121.00, '2023-08-04'),
(90, 1, 'طعام', 44.00, '2023-09-13'),
(91, 2, 'ترفيه', 140.00, '2023-10-09'),
(92, 3, 'نقل', 70.00, '2023-11-21'),
(93, 4, 'تسوق', 250.00, '2023-12-05'),
(94, 5, 'فواتير', 285.00, '2024-01-12'),
(95, 6, 'سفر', 1580.00, '2024-02-28'),
(96, 7, 'صحة', 88.00, '2024-03-25'),
(97, 8, 'تأمين', 165.00, '2024-04-15'),
(98, 9, 'مطاعم', 64.00, '2024-05-09'),
(99, 10, 'مشتريات', 101.00, '2024-06-19'),
(100, 11, 'وقود', 129.00, '2024-07-07'),
(101, 1, 'طعام', 49.50, '2024-08-13'),
(102, 2, 'ترفيه', 138.00, '2024-09-11'),
(103, 3, 'نقل', 68.00, '2024-10-17'),
(104, 4, 'تسوق', 235.00, '2024-11-05'),
(105, 5, 'فواتير', 299.00, '2024-12-16'),
(106, 1, 'فواتير', 2000.00, '2025-07-30'),
(107, 1, 'نقل', 500.00, '2025-07-17'),
(108, 1, 'تسوق', 450.00, '2025-09-11');

-- --------------------------------------------------------

--
-- بنية الجدول `users`
--

CREATE TABLE `users` (
  `id` int(11) NOT NULL,
  `name` varchar(100) DEFAULT NULL,
  `email` varchar(100) DEFAULT NULL,
  `password` varchar(255) DEFAULT NULL,
  `income` decimal(10,2) DEFAULT NULL
) ENGINE=InnoDB DEFAULT CHARSET=utf8mb4 COLLATE=utf8mb4_general_ci;

--
-- إرجاع أو استيراد بيانات الجدول `users`
--

INSERT INTO `users` (`id`, `name`, `email`, `password`, `income`) VALUES
(1, 'dee', 'dee@gmail.com', '$2y$10$mPhK.LTizLJcWqaQAyU3Z.4tU/zsL9mW6hRTlHyNJwjaIgoxgHOqG', 5000.00),
(2, 'Ali', 'ali@example.com', 'hashed_pw_2', 6000.00),
(3, 'Sara', 'sara@example.com', 'hashed_pw_3', 5500.00),
(4, 'Hassan', 'hassan@example.com', 'hashed_pw_4', 4800.00),
(5, 'Noura', 'noura@example.com', 'hashed_pw_5', 7000.00),
(6, 'Omar', 'omar@example.com', 'hashed_pw_6', 6500.00),
(7, 'Laila', 'laila@example.com', 'hashed_pw_7', 5200.00),
(8, 'Faisal', 'faisal@example.com', 'hashed_pw_8', 6100.00),
(9, 'Mona', 'mona@example.com', 'hashed_pw_9', 5900.00),
(10, 'Khaled', 'khaled@example.com', 'hashed_pw_10', 6300.00),
(11, 'Rania', 'rania@example.com', 'hashed_pw_11', 5800.00);

--
-- Indexes for dumped tables
--

--
-- Indexes for table `goals`
--
ALTER TABLE `goals`
  ADD PRIMARY KEY (`id`),
  ADD KEY `user_id` (`user_id`);

--
-- Indexes for table `recommendations`
--
ALTER TABLE `recommendations`
  ADD PRIMARY KEY (`id`);

--
-- Indexes for table `transactions`
--
ALTER TABLE `transactions`
  ADD PRIMARY KEY (`id`),
  ADD KEY `user_id` (`user_id`);

--
-- Indexes for table `users`
--
ALTER TABLE `users`
  ADD PRIMARY KEY (`id`),
  ADD UNIQUE KEY `email` (`email`);

--
-- AUTO_INCREMENT for dumped tables
--

--
-- AUTO_INCREMENT for table `goals`
--
ALTER TABLE `goals`
  MODIFY `id` int(11) NOT NULL AUTO_INCREMENT, AUTO_INCREMENT=22;

--
-- AUTO_INCREMENT for table `recommendations`
--
ALTER TABLE `recommendations`
  MODIFY `id` int(11) NOT NULL AUTO_INCREMENT, AUTO_INCREMENT=7;

--
-- AUTO_INCREMENT for table `transactions`
--
ALTER TABLE `transactions`
  MODIFY `id` int(11) NOT NULL AUTO_INCREMENT, AUTO_INCREMENT=109;

--
-- AUTO_INCREMENT for table `users`
--
ALTER TABLE `users`
  MODIFY `id` int(11) NOT NULL AUTO_INCREMENT, AUTO_INCREMENT=12;

--
-- قيود الجداول المُلقاة.
--

--
-- قيود الجداول `goals`
--
ALTER TABLE `goals`
  ADD CONSTRAINT `goals_ibfk_1` FOREIGN KEY (`user_id`) REFERENCES `users` (`id`);

--
-- قيود الجداول `transactions`
--
ALTER TABLE `transactions`
  ADD CONSTRAINT `transactions_ibfk_1` FOREIGN KEY (`user_id`) REFERENCES `users` (`id`);
COMMIT;

/*!40101 SET CHARACTER_SET_CLIENT=@OLD_CHARACTER_SET_CLIENT */;
/*!40101 SET CHARACTER_SET_RESULTS=@OLD_CHARACTER_SET_RESULTS */;
/*!40101 SET COLLATION_CONNECTION=@OLD_COLLATION_CONNECTION */;
